{
    "reg_apps_cfg": [
        {
            "name": "settings",
            "display": "Einstellungen",
            "version": 1.0,
            "author": "MCTzOCK",
            "icon": "apps/settings/icon.png",
            "description": "Konfiguriere deinen PC",
            "uninstall": false,
            "desktop": true
        },
        {
            "name": "store",
            "display": "Store",
            "version": 1.0,
            "author": "MCTzOCK",
            "icon": "apps/store/icon.png",
            "description": "Installiert Apps",
            "uninstall": false,
            "desktop": true
        },
        {
            "name": "@mctzock.terminal",
            "display": "Konsole",
            "version": 1.0,
            "author": "MCTzOCK",
            "icon": "apps/calc/icon.png",
            "description": "Komandozeile",
            "uninstall": false,
            "desktop": false
        },
        {
            "name": "calc",
            "display": "Taschenrecher",
            "version": 3.0,
            "author": "MCTzOCK",
            "icon": "apps/calc/icon.png",
            "description": "Rechnen",
            "uninstall": true,
            "desktop": true
        },
        {
            "name": "browser",
            "display": "Internet",
            "version": 1.0,
            "author": "MCTzOCK",
            "icon": "apps/browser/icon.png",
            "description": "Durchsuche das Internet",
            "uninstall": false,
            "desktop": true
        },
        {
            "name": "kalender",
            "display": "Kalender",
            "version": 1.0,
            "author": "_Mister_Mystic_",
            "icon": "apps/kalender/icon.png",
            "description": "Plane dein Leben bis zum Tod.",
            "uninstall": false,
            "desktop": true
        },
        {
            "name": "kontakte",
            "display": "Kontakte",
            "version": 1.0,
            "author": "_Mister_Mystic_",
            "icon": "apps/kontakte/icon.png",
            "description": "Speichere wichtige Menschen.",
            "uninstall": false,
            "desktop": true
        },
        {
            "name": "todo",
            "display": "Aufgabenplanung",
            "version": 1.0,
            "author": "MCTzOCK",
            "icon": "apps/todo/icon.png",
            "description": "Plane deinen Tag bis in letzte Deteil.",
            "uninstall": false,
            "desktop": true
        },
        {
            "name": "radio",
            "display": "Radio",
            "version": 1.0,
            "author": "_Mister_Mystic_",
            "icon": "apps/radio/icon.png",
            "description": "Höre Radio!",
            "uninstall": false,
            "desktop": true
        },
        {
            "name": "explorer",
            "display": "Dateimanager",
            "version": 1.0,
            "author": "MCTzOCK",
            "icon": "apps/explorer/icon.png",
            "description": "Verwalte deine Daten!",
            "uninstall": false,
            "desktop": true
        },
        {
            "name": "codeedit",
            "display": "Editor",
            "version": 1.0,
            "author": "MCTzOCK",
            "icon": "apps/codeedit/icon.png",
            "description": "Bearbeite Dateien!",
            "uninstall": false,
            "desktop": true
        }
    ],
    "name": 
    [
        "settings",
        "store",
        "@mctzock.terminal",
        "calc",
        "browser",
        "kalender",
        "kontakte",
        "todo",
        "radio",
        "explorer",
        "codeedit"
    ]
}