{
	"store": {
		"version": "1.0"
	}, 
	"apps": [
		{
			"name": "calc",
			"display": "Taschenrechner",
			"version": 1.0,
			"description-short": "Ein simpler Taschenrechner!",
			"description-long": "Ein simpler Taschenrechner!",
			"sourceURL": "http://server.mctzock.de:3001/JuFo2021/Calculator",
			"binaryDownload": "http://download.mctzock.de/Decryptor/version/Decryptor-JuFoOKT2-stable.zip"
		},
		{
			"name": "settings",
			"display": "Einstellungen",
			"version": 1.0,
			"description-short": "Verwalte deinen PC",
			"description-long": "SoonTM.",
			"sourceURL": "http://server.mctzock.de:3001/JuFo2021/Settings",
			"binaryDownload": "dl.null"
		}
	],
	"_REG_APPS": [
		"calc",
		"settings"
	]
}